了辆喊(1),了辆喊(2),2014,2014,2014,2014,2014,2014,2014,2014,2014,2014,2014,2014,2014,2014,2014,2014,2014,2014,2014,2014,2014,2014,2014,2015,2015,2015,2015,2015,2015,2015,2015,2015,2015,2015,2015,2015,2015,2015,2015,2015,2015,2015,2015,2015,2015,2015,2016,2016,2016,2016,2016,2016,2016,2016,2016,2016,2016,2016,2016,2016,2016,2016,2016,2016,2016,2016,2016,2016,2016,2017,2017,2017,2017,2017,2017,2017,2017,2017,2017,2017,2017,2017,2017,2017,2017,2017,2017,2017,2017,2017,2017,2017,2018,2018,2018,2018,2018,2018,2018,2018,2018,2018,2018,2018,2018,2018,2018,2018,2018,2018,2018,2018,2018,2018,2019,2019,2019,2019,2019,2019,2019,2019,2019,2019,2019,2019,2019,2019,2019,2019,2019,2019,2019,2019,2019,2019,2020,2020,2020,2020,2020,2020,2020,2020,2020,2020,2020,2020,2020,2020,2020,2020,2020,2020,2020,2020,2020,2020,2021,2021,2021,2021,2021,2021,2021,2021,2021,2021,2021,2021,2021,2021,2021,2021,2021,2021,2021,2021,2021,2021,2022,2022,2022,2022,2022,2022,2022,2022,2022,2022,2022,2022,2022,2022,2022,2022,2022,2022,2022,2022,2022,2022
了辆喊(1),了辆喊(2),拌,固己斥,固己斥,固己斥,固己斥,固己斥,固己斥,固己斥,己牢,己牢,己牢,己牢,己牢,己牢,己牢,己牢,己牢,己牢,己牢,己牢,己牢,己牢,固惑,拌,固己斥,固己斥,固己斥,固己斥,固己斥,固己斥,固己斥,己牢,己牢,己牢,己牢,己牢,己牢,己牢,己牢,己牢,己牢,己牢,己牢,己牢,己牢,固惑,拌,固己斥,固己斥,固己斥,固己斥,固己斥,固己斥,固己斥,己牢,己牢,己牢,己牢,己牢,己牢,己牢,己牢,己牢,己牢,己牢,己牢,己牢,己牢,固惑,拌,固己斥,固己斥,固己斥,固己斥,固己斥,固己斥,固己斥,己牢,己牢,己牢,己牢,己牢,己牢,己牢,己牢,己牢,己牢,己牢,己牢,己牢,己牢,固惑,拌,固己斥,固己斥,固己斥,固己斥,固己斥,固己斥,己牢,己牢,己牢,己牢,己牢,己牢,己牢,己牢,己牢,己牢,己牢,己牢,己牢,己牢,固惑,拌,固己斥,固己斥,固己斥,固己斥,固己斥,固己斥,己牢,己牢,己牢,己牢,己牢,己牢,己牢,己牢,己牢,己牢,己牢,己牢,己牢,己牢,固惑,拌,固己斥,固己斥,固己斥,固己斥,固己斥,固己斥,己牢,己牢,己牢,己牢,己牢,己牢,己牢,己牢,己牢,己牢,己牢,己牢,己牢,己牢,固惑,拌,固己斥,固己斥,固己斥,固己斥,固己斥,固己斥,己牢,己牢,己牢,己牢,己牢,己牢,己牢,己牢,己牢,己牢,己牢,己牢,己牢,己牢,固惑,拌,固己斥,固己斥,固己斥,固己斥,固己斥,固己斥,己牢,己牢,己牢,己牢,己牢,己牢,己牢,己牢,己牢,己牢,己牢,己牢,己牢,己牢,固惑
了辆喊(1),了辆喊(2),家拌,家拌,14技固父,14技,15技,16技,17技,18技,家拌,19技,20技,21~25技,26~30技,31~35技,36~40技,41~45技,46~50技,51~55技,56~60技,61~65技,66~70技,71技捞惑,家拌,家拌,家拌,14技固父,14技,15技,16技,17技,18技,家拌,19技,20技,21~25技,26~30技,31~35技,36~40技,41~45技,46~50技,51~55技,56~60技,61~65技,66~70技,71技捞惑,家拌,家拌,家拌,14技固父,14技,15技,16技,17技,18技,家拌,19技,20技,21~25技,26~30技,31~35技,36~40技,41~45技,46~50技,51~55技,56~60技,61~65技,66~70技,71技捞惑,家拌,家拌,家拌,14技固父,14技,15技,16技,17技,18技,家拌,19技,20技,21~25技,26~30技,31~35技,36~40技,41~45技,46~50技,51~55技,56~60技,61~65技,66~70技,71技捞惑,家拌,家拌,家拌,14技,15技,16技,17技,18技,家拌,19技,20技,21~25技,26~30技,31~35技,36~40技,41~45技,46~50技,51~55技,56~60技,61~65技,66~70技,71技捞惑,家拌,家拌,家拌,14技,15技,16技,17技,18技,家拌,19技,20技,21~25技,26~30技,31~35技,36~40技,41~45技,46~50技,51~55技,56~60技,61~65技,66~70技,71技捞惑,家拌,家拌,家拌,14技,15技,16技,17技,18技,家拌,19技,20技,21~25技,26~30技,31~35技,36~40技,41~45技,46~50技,51~55技,56~60技,61~65技,66~70技,71技捞惑,家拌,家拌,家拌,14技,15技,16技,17技,18技,家拌,19技,20技,21~25技,26~30技,31~35技,36~40技,41~45技,46~50技,51~55技,56~60技,61~65技,66~70技,71技捞惑,家拌,家拌,家拌,14技,15技,16技,17技,18技,家拌,19技,20技,21~25技,26~30技,31~35技,36~40技,41~45技,46~50技,51~55技,56~60技,61~65技,66~70技,71技捞惑,家拌
拌,家拌,1712435,77280,54,9673,14010,16885,17447,19211,1633101,20534,15710,113422,149979,180894,175951,224227,226968,226513,148001,75269,40378,35255,2054,1771390,79342,80,8521,14358,17584,18171,20628,1689960,23945,19161,126957,149606,181726,173733,218020,233219,229356,163633,83771,45367,41466,2088,1847605,75757,78,7524,13752,17551,17552,19300,1768887,22849,20590,138071,154947,186937,186020,217607,237797,231562,179230,95834,50996,46447,2961,1685461,72425,88,7691,12364,16308,17255,18719,1611388,20720,19202,132024,140560,156474,167953,185225,212580,203101,176638,99201,50962,46748,1648,1581922,65784,8314,11563,13273,15348,17286,1513619,19261,17814,121050,129466,133036,157168,164345,197856,189415,175113,105100,53132,50863,2519,1585638,65907,9028,11681,13503,14249,17446,1516477,20259,18026,118801,131970,123442,156540,155689,192774,184847,180686,116263,58659,58521,3254,1494421,64152,9109,11924,13517,13653,15949,1425704,19683,19208,113482,125947,110634,142209,139964,173001,176698,168218,117834,59119,59707,4565,1247680,53760,8074,10278,11543,11151,12714,1192060,14931,15806,98877,110262,93637,114769,116993,136942,142579,133894,102666,54857,55847,1860,1250330,60691,11054,12370,12930,11723,12614,1187696,14046,14557,101963,119705,98488,113250,121865,128633,138387,124037,101537,55832,55396,1943
碍仿裹了,家拌,25065,2610,-,330,466,541,601,672,22419,631,464,2627,2471,2601,2336,2883,2609,2362,1566,798,520,551,36,25821,2377,3,265,462,501,554,592,23421,582,428,2805,2453,2790,2396,2778,2760,2508,1751,962,554,654,23,27071,2410,3,295,451,577,545,539,24628,581,470,2932,2634,2731,2530,2720,2910,2624,1986,1091,619,800,33,28927,2311,1,258,401,521,531,599,26606,600,494,3424,2955,2807,2749,2749,2970,2684,2277,1294,772,831,10,28302,2267,303,403,452,502,607,26005,588,476,3444,2885,2483,2623,2566,2948,2655,2366,1353,737,881,30,28943,2358,305,431,463,525,634,26550,693,509,3339,3150,2529,2720,2376,2842,2651,2381,1452,876,1032,35,26971,1898,245,385,359,388,521,25046,515,484,3101,3077,2381,2596,2262,2553,2565,2186,1586,816,924,27,22992,1648,280,280,346,327,415,21318,397,397,2728,2785,1995,2079,1857,2110,2012,1896,1376,722,964,26,25017,1808,366,332,346,364,400,23190,413,400,2948,3226,2261,2175,2085,2035,2303,1899,1544,911,990,19
碍仿裹了,混牢扁荐,447,18,-,1,6,5,2,4,429,7,5,31,19,33,54,70,57,45,36,31,19,22,-,389,7,-,-,1,1,4,1,382,3,2,23,29,34,41,62,44,48,39,19,9,29,-,379,4,-,1,1,-,-,2,375,2,5,25,24,39,36,44,64,48,41,12,15,20,-,344,10,-,-,-,-,8,2,334,7,3,21,20,33,37,38,39,39,43,16,22,16,-,350,5,-,-,3,-,2,345,3,5,21,27,34,39,47,39,37,33,21,15,24,-,345,9,-,-,3,1,5,335,6,-,22,26,32,36,30,34,37,44,29,17,22,1,341,2,-,1,1,-,-,339,3,3,23,22,19,36,36,30,42,51,40,16,18,-,307,5,-,1,1,2,1,302,2,5,25,31,27,35,26,24,36,35,26,9,21,-,298,6,-,3,1,1,1,292,2,3,18,32,20,24,31,34,38,31,23,16,20,-
碍仿裹了,混牢固荐殿,575,15,-,1,5,2,4,3,559,2,4,21,29,48,63,96,94,89,59,24,19,11,1,586,11,-,2,1,1,4,3,574,2,1,37,38,43,60,72,96,98,67,24,13,23,1,616,15,-,1,1,1,6,6,601,3,5,29,41,58,58,74,103,82,67,35,27,19,-,561,7,-,1,1,-,3,2,554,5,5,41,49,42,43,61,76,84,69,38,17,24,-,516,4,-,-,1,1,2,512,3,9,37,31,32,45,44,81,72,67,49,19,23,-,525,10,2,1,1,3,3,515,6,2,24,37,41,46,50,73,72,73,45,28,18,-,454,7,2,1,1,1,2,445,4,4,46,36,34,40,41,50,52,57,41,17,23,2,409,6,2,-,-,-,4,400,2,5,34,41,30,37,35,56,40,40,43,17,20,3,429,9,-,1,1,5,2,420,4,3,26,28,26,36,36,47,58,62,47,18,29,-
碍仿裹了,碍档,2078,405,-,37,87,94,98,89,1663,70,59,262,246,255,203,196,130,110,74,33,14,11,10,1999,441,-,15,70,122,133,101,1554,98,61,203,212,263,172,168,139,126,65,21,15,11,4,1716,316,-,16,42,99,94,65,1384,80,57,194,166,209,171,138,141,94,76,29,17,12,16,1456,242,-,9,33,69,69,62,1213,51,39,168,154,174,159,116,134,101,62,31,13,11,1,1165,214,27,34,49,56,48,944,53,52,150,97,97,109,99,103,79,59,26,12,8,7,1336,361,38,69,84,77,93,974,82,51,148,128,111,101,75,95,72,60,32,8,11,1,1202,321,36,84,79,68,54,879,44,52,145,116,94,112,71,71,68,52,26,15,13,2,748,175,36,35,54,24,26,570,18,24,72,70,59,60,67,48,59,40,35,11,7,3,764,169,20,27,58,31,33,595,37,25,105,58,57,73,74,44,41,38,21,11,11,-
碍仿裹了,碍埃,5517,824,-,80,135,156,228,225,4677,214,157,823,681,653,462,471,430,346,224,89,64,63,16,5621,738,3,62,138,153,199,183,4872,183,141,859,678,742,488,507,414,359,254,129,53,65,11,5829,742,1,64,140,192,174,171,5082,180,141,922,757,702,526,491,445,369,256,133,68,92,5,5943,745,-,57,110,158,195,225,5194,174,145,1039,779,675,570,463,439,359,269,134,83,65,4,5947,752,58,129,157,187,221,5189,186,134,990,782,579,568,446,470,351,324,166,95,98,6,6138,638,51,115,122,167,183,5489,226,167,1022,888,617,619,438,416,361,337,200,100,98,11,6113,565,42,88,95,128,212,5540,184,170,1012,921,694,660,454,374,371,278,188,127,107,8,5593,519,52,78,112,137,140,5065,159,158,990,999,576,542,402,351,295,272,161,87,73,9,5606,468,73,76,81,108,130,5134,145,143,1076,1026,635,518,424,314,308,217,162,91,75,4
碍仿裹了,蜡荤碍埃,389,70,-,11,14,16,19,10,319,12,14,51,38,36,31,39,26,27,17,11,11,6,-,535,90,-,12,15,25,17,21,445,20,19,56,50,62,35,54,50,43,23,15,7,11,-,598,93,-,20,16,9,20,28,504,15,11,89,71,44,44,52,56,43,40,16,15,8,1,694,124,-,20,29,27,25,23,570,23,22,107,65,54,59,55,59,40,37,26,13,10,-,848,128,17,20,32,25,34,719,29,19,145,110,69,60,69,58,58,44,24,14,20,1,895,140,14,25,24,36,41,754,30,35,144,103,96,54,75,62,50,44,31,12,18,1,934,94,11,20,18,15,30,839,29,31,164,136,75,76,67,64,63,61,41,19,13,1,834,105,14,17,23,22,29,727,17,18,151,141,100,71,54,56,35,28,27,10,19,2,917,95,13,16,21,22,23,821,23,20,160,174,93,67,72,66,37,43,30,20,16,1
碍仿裹了,碍力眠青,13400,883,-,136,157,165,155,270,12509,268,180,1222,1278,1351,1306,1693,1567,1430,969,523,344,378,8,14488,859,-,131,178,162,155,233,13623,233,171,1477,1316,1479,1428,1668,1698,1530,1099,652,414,458,6,16016,982,1,150,201,203,191,236,15025,262,230,1559,1471,1537,1562,1724,1844,1708,1325,767,442,594,9,18272,967,1,138,186,203,187,252,17300,316,261,1933,1787,1738,1742,1849,2002,1850,1617,970,578,657,5,17631,972,154,180,170,197,271,16643,287,229,1966,1751,1542,1671,1682,1961,1814,1591,959,537,653,16,17892,981,159,168,179,207,268,16890,296,221,1837,1866,1529,1724,1559,1922,1841,1625,1008,655,807,21,16382,738,116,154,134,153,181,15630,220,208,1619,1752,1375,1562,1479,1773,1750,1497,1130,570,695,14,13882,718,146,127,133,121,191,13155,191,175,1367,1419,1134,1244,1175,1442,1387,1326,982,539,774,9,15574,900,208,180,158,162,192,14660,189,195,1474,1802,1343,1377,1332,1386,1622,1349,1118,688,785,14
碍仿裹了,扁鸥 碍埃・碍力眠青殿,1193,239,-,17,26,65,71,60,953,43,32,143,122,124,104,104,72,86,50,25,21,27,1,686,135,-,5,35,22,32,41,550,20,19,84,68,63,66,46,49,50,33,23,16,13,1,521,111,1,16,17,27,28,22,408,21,8,61,52,37,42,37,43,46,25,13,11,12,2,371,98,-,6,13,27,29,23,273,12,12,50,40,21,34,21,14,22,16,10,9,12,-,458,83,11,13,22,20,17,375,11,11,61,33,48,38,40,37,32,29,22,6,7,-,495,120,10,26,23,25,36,375,25,23,55,40,32,48,27,32,28,27,19,9,10,-,349,72,7,21,13,7,24,277,16,6,36,39,28,23,18,27,25,21,19,7,12,-,271,44,2,8,7,15,12,227,4,5,28,31,22,21,20,10,31,22,21,3,9,-,283,66,14,10,8,19,15,217,5,3,32,36,20,16,16,12,26,15,18,12,6,-
碍仿裹了,规拳,1466,156,-,47,36,38,24,11,1310,15,13,74,58,101,113,214,233,229,137,62,28,33,-,1517,96,-,38,24,15,10,9,1421,23,14,66,62,104,106,201,270,254,171,79,27,44,-,1396,147,-,27,33,46,32,9,1249,18,13,53,52,105,91,160,214,234,156,86,24,43,-,1286,118,-,27,29,37,15,10,1168,12,7,65,61,70,105,146,207,189,164,69,37,36,-,1387,109,36,27,18,16,12,1278,16,17,74,54,82,93,139,199,212,219,86,39,48,-,1317,99,31,27,27,9,5,1218,22,10,87,62,71,92,122,208,190,171,88,47,48,-,1196,99,31,16,18,16,18,1097,15,10,56,55,62,87,96,164,194,169,101,45,43,-,948,76,28,14,16,6,12,872,4,7,61,53,47,69,78,123,129,133,81,46,41,-,1146,95,38,19,18,16,4,1051,8,8,57,70,67,64,100,132,173,144,125,55,48,-
例档裹了,家拌,95645,25999,5,5241,6554,6220,4508,3471,69613,2774,1832,8875,6943,7019,6104,7205,7189,7772,5597,3439,2147,2717,33,103166,25914,13,4761,6775,6378,4421,3566,77210,3021,2140,9624,7483,7587,6355,7446,7796,8480,6684,4090,2778,3726,42,106415,22507,5,3743,6016,5805,3976,2962,83833,2599,2173,10296,7738,7691,6961,7345,8209,8914,7951,5209,3571,5176,75,105695,19971,8,3780,5078,5126,3478,2501,85681,2190,1957,9904,7558,7051,7120,7200,8542,8821,8888,6002,4099,6349,43,97334,16873,3838,4307,3858,2851,2019,80381,1738,1611,8550,6879,6201,6552,6541,7850,8345,8708,6402,4273,6731,80,101295,17111,4172,4388,3878,2626,2047,84099,1790,1431,7855,6625,5797,6980,6514,7995,8188,9554,7410,5216,8744,85,98425,17027,4371,4550,3938,2452,1716,81328,1407,1268,6593,6391,5214,6331,5994,7453,8355,9317,7945,5504,9556,70,85687,12692,3324,3558,2877,1789,1144,72931,935,1029,4822,5137,4189,4940,5124,6222,7551,8166,7924,5867,11025,64,94315,14772,4310,3906,3272,1971,1313,79478,955,893,4993,5750,4746,5191,5717,6292,7705,8298,8928,6765,13245,65
气仿裹了,家拌,358275,20001,11,2327,3473,3637,4271,6282,337952,7056,4790,30183,29491,36294,35361,45923,46417,46375,28767,13559,7125,6611,322,372723,20036,22,1821,3170,3697,4766,6560,352322,7766,5640,32490,28899,37026,35911,45643,48839,46993,32025,15173,8024,7893,365,380965,20403,14,1954,3520,4050,4535,6330,360212,7823,6234,34509,28695,36763,37538,44139,48549,46231,34806,17428,8919,8578,350,363511,21948,10,2148,3456,4259,5181,6894,341262,7434,5943,35216,28246,32664,35866,39262,44724,41641,34370,18167,9081,8648,301,348969,20617,2492,3483,3665,4651,6326,327893,7086,5567,31407,26789,28774,35167,35688,42862,40253,35222,19760,9662,9656,459,346561,19638,2475,3475,3598,4050,6040,326411,6694,5469,30327,26932,26441,35247,34605,42120,39082,36152,21766,10534,11042,512,313990,15729,2009,2746,2947,3197,4830,297821,5779,4977,27040,24926,22505,31251,30488,37244,36627,33414,22110,10586,10874,440,264229,14654,2031,2695,2885,2815,4228,249293,4280,3884,21758,21188,18430,24855,25530,29854,30643,27449,20458,10261,10703,282,274673,16622,2919,3353,3239,3077,4034,257759,3892,3527,22864,23713,19967,25147,27579,29089,31129,26768,21362,11558,11164,292
气仿裹了,惑秦,66885,2517,1,222,303,425,603,963,64358,1060,764,4957,5108,6572,6698,8586,9042,9263,5986,2919,1659,1744,10,62059,2566,-,186,352,474,656,898,59478,1049,843,4666,4550,6055,5934,7576,8293,8278,5792,2953,1624,1865,15,65695,3079,6,275,474,594,738,992,62604,1117,912,5236,4718,6110,6240,7743,8529,8535,6567,3232,1791,1874,12,58851,3149,3,276,414,640,807,1009,55686,995,848,5031,4324,5118,5677,6543,7603,7122,5888,3148,1675,1714,16,52867,2778,334,472,501,630,841,50054,974,712,4202,3806,4210,5182,5384,6588,6516,5749,3276,1633,1822,35,48854,2493,291,420,423,573,786,46337,786,662,3988,3573,3723,4933,4919,6120,5686,5207,3259,1634,1847,24,43552,1850,174,292,367,397,620,41664,667,582,3445,3244,3009,4341,4346,5278,5303,4870,3293,1590,1696,38,35588,1744,240,303,349,337,515,33839,489,460,3057,2802,2392,3249,3412,4067,4113,3937,2913,1474,1474,5,33198,2078,386,396,427,402,467,31111,426,373,2695,2738,2294,2931,3185,3383,3910,3408,2817,1435,1516,9
气仿裹了,气青,171166,5390,8,393,571,865,1279,2274,165607,2901,1921,12930,13401,17505,17761,23338,23459,23900,14931,7001,3570,2989,169,192308,6589,6,376,728,1058,1651,2770,185522,3466,2572,15724,14479,19452,19157,24810,26129,25641,17625,8258,4340,3869,197,216857,7753,1,468,1019,1414,1829,3022,208918,4120,3277,19109,16137,21302,22265,26125,28472,27204,20667,10309,5217,4714,186,210745,8492,1,558,956,1452,2124,3401,202121,3943,3381,20338,16382,19266,21511,23577,26504,25047,20940,10994,5342,4896,132,204801,8112,683,1028,1322,1943,3136,196452,3770,3077,18364,15933,17175,21473,21990,25961,24093,21386,11927,5815,5488,237,202710,7714,720,1108,1266,1654,2966,194749,3566,2946,17837,16270,15857,21487,21022,25246,23182,21778,13115,6242,6201,247,178448,6042,552,846,1012,1324,2308,172247,3062,2621,15336,14522,13032,18332,17838,21805,21102,19546,12849,6117,6085,159,145634,5717,698,894,1054,1108,1963,139805,2061,1979,11357,11757,10488,14566,14720,16866,17327,15340,11528,5834,5982,112,156232,6671,1057,1186,1230,1286,1912,149419,1837,1758,12406,13565,11846,15068,16574,17115,18019,15397,12540,6836,6458,142
气仿裹了,眉器?皑陛,1118,10,-,-,1,3,1,5,1101,18,13,77,97,112,115,158,135,183,97,57,18,21,7,1226,40,-,4,3,5,17,11,1183,16,22,83,100,133,136,136,167,168,119,47,30,26,3,1687,82,-,6,11,18,22,25,1593,38,55,173,147,198,172,183,200,172,121,72,34,28,12,1911,133,-,8,24,25,40,36,1768,41,28,220,165,186,192,202,257,197,147,67,43,23,10,1608,133,6,23,17,39,48,1464,48,33,146,160,145,162,161,167,172,136,67,40,27,11,1654,122,9,25,18,27,43,1523,67,62,160,152,133,151,138,174,165,161,86,43,31,9,1695,120,8,14,19,37,42,1572,63,54,214,132,136,183,141,167,158,163,94,30,37,3,1521,104,10,14,33,22,25,1384,52,39,185,170,108,155,129,122,143,117,75,45,44,33,1432,136,13,20,29,34,40,1291,37,43,162,169,108,137,148,122,113,97,80,42,33,5
气仿裹了,蛆冠,5160,142,-,20,26,22,47,27,4995,39,25,186,276,415,580,773,836,863,547,228,132,95,23,9197,196,-,21,28,49,51,47,8974,64,67,366,478,828,928,1275,1662,1449,973,482,217,185,27,16825,366,-,34,54,81,84,113,16421,151,136,1013,964,1542,1779,2337,2645,2513,1710,869,412,350,38,16599,470,3,43,80,95,119,130,16110,150,131,870,1053,1429,1803,2101,2633,2236,1869,1021,455,359,19,18337,565,65,111,107,156,126,17708,155,144,1001,1124,1413,1976,2125,2661,2685,2167,1195,548,514,64,22377,672,84,110,169,149,160,21661,175,180,1155,1403,1592,2325,2518,3230,3147,2832,1652,764,688,44,22507,671,95,121,139,140,176,21779,191,174,1165,1456,1607,2307,2482,3072,3261,2792,1712,838,722,57,22023,655,101,118,137,151,148,21318,170,180,1246,1559,1617,2160,2336,2840,3101,2638,1848,844,779,50,22451,786,117,178,125,177,189,21628,140,199,1208,1675,1638,2113,2351,2752,3092,2661,2001,982,816,37
气仿裹了,距秒?蜡牢,252,13,-,-,1,2,-,10,238,9,5,16,29,34,37,23,23,18,20,13,4,7,1,252,16,-,-,5,2,4,5,236,11,3,28,22,32,30,30,21,16,26,8,4,5,-,305,11,-,-,1,3,1,6,294,8,11,36,39,30,40,41,20,22,18,11,13,5,-,285,23,-,1,-,8,7,7,260,12,7,22,23,27,42,28,20,20,22,17,14,6,2,260,13,2,-,2,5,4,247,7,5,23,20,37,34,23,18,20,26,20,8,6,-,351,20,3,-,2,6,9,318,5,6,30,30,42,55,41,24,16,27,8,12,22,13,296,23,4,8,1,5,5,273,6,8,39,37,27,32,25,16,19,23,22,11,8,-,318,8,-,2,1,1,4,305,6,7,32,54,26,47,27,23,22,25,12,12,12,5,321,21,1,2,2,6,10,300,7,5,25,29,36,44,32,21,27,25,23,9,17,-
气仿裹了,气仿青困殿,80113,10472,2,1516,2256,2005,2085,2608,69557,2574,1734,9946,8104,8284,6735,8289,8100,7564,4431,1990,981,825,84,73002,9118,7,1048,1767,1829,2058,2409,63817,2682,1730,9301,6794,7269,6149,7354,7572,6870,4312,1922,983,879,67,40963,7316,-,952,1568,1569,1512,1715,33586,1831,1383,6284,4036,4034,3126,3019,3190,2796,2009,1036,449,393,61,36647,7707,2,1008,1612,1593,1637,1855,28874,1739,1144,5804,3588,3280,2802,2551,2540,2218,1662,820,393,333,66,31885,6993,1129,1445,1302,1431,1686,24828,1591,1119,4821,2999,2626,2412,2063,2227,1849,1566,857,388,310,64,28625,6450,1060,1393,1263,1204,1530,22067,1519,1106,4244,2533,2004,2142,1733,1985,1675,1485,867,422,352,108,25342,5025,836,1057,1008,893,1231,20206,1231,1024,3838,2327,1730,1983,1603,1822,1670,1381,871,395,331,111,20526,4563,687,956,916,850,1154,15934,993,782,3047,1803,1201,1374,1250,1477,1287,1188,823,414,295,29,21426,4795,912,1121,1012,781,969,16560,990,708,3453,2109,1216,1343,1355,1348,1360,1109,813,448,308,71
气仿裹了,傍哎,3674,754,-,132,224,178,112,108,2907,68,51,185,206,342,316,428,402,431,269,122,58,29,13,2930,630,1,96,166,133,145,89,2295,74,54,180,169,250,241,300,304,324,216,101,43,39,5,3638,817,-,137,239,205,143,93,2806,81,84,280,190,280,312,327,383,351,287,114,62,55,15,3573,1022,-,177,250,272,213,110,2547,88,59,257,212,265,304,287,312,299,220,131,65,48,4,3521,1086,183,274,249,219,161,2425,101,90,236,157,228,264,270,305,297,246,122,61,48,10,3552,1053,172,254,238,221,168,2487,110,100,282,197,223,240,262,295,302,235,130,64,47,12,3434,928,165,211,211,198,143,2477,118,88,277,264,247,296,233,250,250,205,151,57,41,29,2775,740,126,193,177,135,109,2033,91,63,289,229,174,184,192,177,202,186,141,60,45,2,2754,809,177,215,180,140,97,1940,72,75,286,221,186,192,168,196,176,163,118,54,33,5
气仿裹了,颊鲍,29907,703,-,44,91,137,144,287,29189,387,277,1886,2270,3030,3119,4328,4420,4153,2486,1229,703,901,15,31749,881,8,90,121,147,184,331,30817,404,349,2142,2307,3007,3336,4162,4691,4247,2962,1402,783,1025,51,34995,979,7,82,154,166,206,364,33990,477,376,2378,2464,3267,3604,4364,5110,4638,3427,1785,941,1159,26,34900,952,1,77,120,174,234,346,33896,466,345,2674,2499,3093,3535,3973,4855,4502,3622,1969,1094,1269,52,35690,937,90,130,165,228,324,34715,440,387,2614,2590,2940,3664,3672,4935,4621,3946,2296,1169,1441,38,38438,1114,136,165,219,216,378,37269,466,407,2631,2774,2867,3914,3972,5046,4909,4427,2649,1353,1854,55,38716,1070,175,197,190,203,305,37603,441,426,2726,2944,2717,3777,3820,4834,4864,4434,3118,1548,1954,43,35844,1123,169,215,218,211,310,34675,418,374,2545,2814,2424,3120,3464,4282,4448,4018,3118,1578,2072,46,36859,1326,256,235,234,251,350,35510,383,366,2629,3207,2643,3319,3766,4152,4432,3908,2970,1752,1983,23
瘤瓷裹了,家拌,286099,10483,9,546,1186,2353,3212,3177,274811,3380,2856,15078,18408,26559,29740,40828,42629,42671,27569,13054,6662,5377,805,294379,11711,5,670,1487,2752,3326,3471,281978,4138,3909,19175,19585,26483,29234,38533,42449,42329,29511,14076,6968,5588,690,287025,11035,11,517,1290,2561,3362,3294,275099,3745,3886,19781,18313,24747,28134,35597,40567,40424,31059,15427,7473,5946,891,269117,9358,9,487,1060,1920,2874,3008,259192,3496,3692,19612,17871,21635,26095,31424,38238,36463,31142,16144,7382,5998,567,292114,9801,572,1286,1943,2830,3170,281575,3758,4289,22470,19511,21693,28081,32704,40335,38337,34947,19691,8491,7268,738,308782,10652,751,1328,2238,2866,3469,297069,4413,4579,23966,22224,21580,29696,31959,41540,39780,37747,22351,9542,7692,1061,307706,11732,891,1653,2299,3148,3741,294065,5384,5956,26955,24837,20515,27776,29011,37759,38722,35583,23315,9972,8280,1909,210381,8458,806,1344,1841,2029,2438,201228,3698,4446,22123,19015,14417,17456,18341,23197,24686,22834,16708,7817,6490,695,219700,9011,1285,1724,1938,1901,2163,209968,3306,3939,22782,21099,16159,17950,20061,22494,25288,22606,17868,9304,7112,721
瘤瓷裹了,流公蜡扁,801,-,-,-,-,-,-,-,680,1,1,5,25,71,87,115,120,135,97,13,5,5,121,860,-,-,-,-,-,-,-,802,-,1,4,31,84,83,108,145,180,131,22,7,6,58,642,5,2,-,-,3,-,-,607,-,-,2,16,54,99,86,114,103,109,10,6,8,30,663,3,-,-,-,-,3,-,616,-,-,2,31,50,76,101,112,125,94,17,2,6,44,713,1,-,-,-,-,1,655,-,-,13,31,51,98,83,140,100,110,15,9,5,57,788,-,-,-,-,-,-,680,7,1,8,51,54,86,106,117,134,95,13,1,7,108,947,-,-,-,-,-,-,791,-,1,4,66,73,112,97,119,151,133,24,6,5,156,810,-,-,-,-,-,-,702,-,-,17,55,59,90,89,87,143,125,22,10,5,108,834,-,-,-,-,-,-,729,-,-,10,67,105,75,89,102,142,107,20,9,3,105
瘤瓷裹了,流鼻巢侩,595,-,-,-,-,-,-,-,530,-,-,5,28,75,53,109,100,82,69,8,1,-,65,587,1,1,-,-,-,-,-,552,-,-,4,39,68,63,83,114,86,76,12,3,4,34,577,-,-,-,-,-,-,-,549,-,-,11,39,79,66,85,101,79,68,17,3,1,28,679,-,-,-,-,-,-,-,657,-,-,13,42,53,72,80,131,121,101,28,10,6,22,811,-,-,-,-,-,-,779,-,-,20,53,64,85,96,139,138,136,34,8,6,32,974,-,-,-,-,-,-,909,-,-,7,79,71,116,85,149,166,171,49,8,8,65,1021,-,-,-,-,-,-,881,-,-,14,82,92,87,102,170,151,125,40,14,4,140,857,-,-,-,-,-,-,714,-,-,8,74,73,76,87,102,145,102,30,6,11,143,1020,1,-,-,1,-,-,844,-,-,10,76,94,84,96,131,164,135,34,11,9,175
瘤瓷裹了,刘荐汾,848,-,-,-,-,-,-,-,842,-,-,-,6,30,71,135,177,190,156,47,18,12,6,842,-,-,-,-,-,-,-,842,-,-,1,15,39,75,127,169,191,128,59,21,17,-,788,-,-,-,-,-,-,-,787,-,-,4,5,13,56,124,165,172,157,52,31,8,1,1128,-,-,-,-,-,-,-,1128,-,-,1,6,23,69,152,222,258,236,97,43,21,-,1131,-,-,-,-,-,-,1130,-,-,15,14,49,82,154,197,218,219,112,39,31,1,942,-,-,-,-,-,-,940,-,-,3,15,21,89,128,171,203,175,76,37,22,2,807,-,-,-,-,-,-,796,-,1,4,3,9,57,116,152,159,169,77,33,16,11,651,-,-,-,-,-,-,650,-,-,2,3,10,37,81,113,160,120,73,29,22,1,703,-,-,-,-,-,-,703,-,-,2,11,9,35,67,105,150,147,97,50,30,-
瘤瓷裹了,烹拳,334,14,-,2,2,3,5,2,320,2,-,14,5,9,6,7,237,8,11,13,3,5,-,286,32,-,4,4,3,9,12,254,7,2,21,11,7,8,8,151,13,10,11,3,2,-,220,35,-,12,7,9,4,3,185,2,5,24,12,3,4,4,39,81,6,4,-,1,-,531,20,1,2,6,1,10,-,509,2,4,17,21,11,4,1,362,60,6,11,7,3,2,255,12,2,-,-,10,-,243,3,1,8,8,6,2,3,107,94,5,4,-,2,-,143,21,-,1,6,9,5,122,7,2,10,8,3,7,3,7,57,7,4,3,4,-,86,5,-,1,1,2,1,80,1,-,7,11,7,5,3,3,29,5,2,2,5,1,58,4,-,2,2,-,-,54,1,-,3,5,2,2,3,2,8,14,3,5,6,-,42,2,-,2,-,-,-,40,-,-,2,5,8,6,1,2,2,10,-,1,3,-
瘤瓷裹了,巩辑?牢厘,19460,1816,-,58,160,402,707,489,17519,101,116,787,1089,1704,1849,2423,2501,2563,1985,1045,682,674,125,19022,1865,-,41,133,410,764,517,17089,156,138,803,1102,1477,1670,2214,2536,2583,1933,1061,692,724,68,18024,2068,-,23,123,356,891,675,15847,125,142,752,1035,1385,1587,1963,2249,2260,2028,1012,628,681,109,15918,1748,-,19,107,301,626,695,14082,106,101,654,847,1134,1291,1660,1998,1976,1948,1058,616,693,88,15576,1467,32,133,253,534,515,14033,127,147,651,774,974,1209,1564,1920,2051,1918,1283,647,768,76,16253,1307,20,118,186,473,510,14819,103,135,627,886,1004,1361,1558,1969,2041,2091,1396,774,874,127,15465,1264,30,113,227,443,451,14046,105,134,596,817,924,1240,1390,1802,2000,1972,1515,744,807,155,11441,656,33,77,151,230,165,10725,60,61,520,654,671,906,1050,1400,1528,1445,1145,672,613,60,11864,875,43,115,219,298,200,10927,55,70,569,667,679,914,1082,1318,1541,1425,1228,716,663,62
瘤瓷裹了,蜡啊刘鼻牢瘤,552,2,-,-,1,-,-,1,548,-,-,2,4,15,29,66,117,126,90,49,27,23,2,399,16,-,-,2,5,9,-,383,1,-,5,10,17,25,45,47,92,67,36,21,17,-,373,-,-,-,-,-,-,-,373,-,3,3,6,9,20,43,66,80,69,45,14,15,-,330,3,-,-,1,1,-,1,327,-,1,1,2,10,25,32,54,61,70,45,16,10,-,295,12,-,5,6,1,-,283,-,1,5,7,10,23,33,36,49,46,40,15,18,-,208,2,-,-,-,-,2,205,-,-,2,4,7,11,16,26,53,45,25,9,7,1,117,-,-,-,-,-,-,116,-,-,-,-,4,11,12,7,26,17,24,5,10,1,68,-,-,-,-,-,-,68,-,-,1,1,3,3,5,7,9,12,10,8,9,-,78,1,-,-,-,-,1,77,-,-,3,3,4,-,6,5,16,10,10,8,12,-
瘤瓷裹了,荤扁,222173,7224,6,384,833,1582,2070,2349,214555,3025,2526,13022,15350,21259,23275,31832,33073,33267,20768,9542,4458,3158,394,228205,8237,2,522,1100,1974,2111,2528,219516,3631,3495,16773,16399,21309,22999,29961,32708,32278,22097,10106,4582,3178,452,223210,7435,8,398,948,1806,2031,2244,215177,3275,3437,17180,15172,19956,22319,27889,31820,31383,23332,11221,4935,3258,598,208482,6168,7,353,770,1248,1824,1966,201977,3066,3309,17196,14945,17534,20785,24615,29471,28043,23312,11667,4849,3185,337,229854,6919,424,983,1372,1869,2271,222463,3362,3875,20127,16717,17771,22632,25936,31803,29654,26650,14331,5684,3921,472,246160,8049,607,1019,1758,2039,2626,237523,4021,4165,21675,19236,17926,24068,25651,33168,31349,29090,16578,6401,4195,588,245009,9161,708,1328,1795,2337,2993,234678,5004,5583,24619,21686,17059,22426,22938,29735,30164,27333,16960,6685,4486,1170,162836,6816,646,1101,1442,1569,2058,155751,3443,4197,20261,16561,11770,13629,13908,17398,18286,16685,11698,4886,3029,269,169528,6744,953,1314,1394,1318,1765,162466,3038,3682,20693,18403,13275,14251,15295,16988,18731,16411,12521,5941,3237,318
瘤瓷裹了,染飞,31975,1426,3,102,190,366,429,336,30491,250,209,1197,1663,2858,3408,4685,4776,4633,3136,1615,1013,1048,58,35945,1556,2,103,247,359,433,412,34346,338,266,1513,1786,3061,3658,4876,5240,5325,3842,2050,1181,1210,43,35583,1485,1,84,212,384,434,370,34029,331,293,1749,1873,2885,3373,4437,4837,4908,4100,2275,1428,1540,69,33580,1416,1,113,176,369,411,346,32111,321,269,1670,1843,2478,3105,3859,4618,4484,3959,2468,1399,1638,53,35270,1389,114,165,312,416,382,33809,263,260,1570,1752,2399,3256,3822,4757,4588,4578,3007,1627,1930,72,35163,1272,124,190,288,345,325,33819,271,267,1579,1753,2202,3387,3570,4574,4436,4657,3189,1847,2087,72,35930,1299,153,211,275,364,296,34449,270,236,1626,1990,2037,3179,3525,4454,4646,4461,3662,1954,2409,182,27970,981,127,164,246,229,215,26904,191,184,1266,1512,1623,2320,2514,3250,3509,3445,2943,1749,2398,85,30006,1388,289,293,324,285,197,28578,209,185,1435,1747,1771,2255,2901,3100,3644,3418,3145,2090,2678,40
瘤瓷裹了,硅烙,9361,1,-,-,-,-,1,-,9326,1,4,46,238,538,962,1456,1528,1667,1257,722,455,452,34,8233,4,-,-,1,1,-,2,8194,5,7,51,192,421,653,1111,1339,1581,1227,719,458,430,35,7608,7,-,-,-,3,2,2,7545,12,6,56,155,363,610,966,1176,1358,1190,791,428,434,56,7806,-,-,-,-,-,-,-,7785,1,8,58,134,342,668,924,1270,1335,1416,753,440,436,21,8209,1,-,-,-,-,1,8180,3,5,61,155,369,694,1013,1236,1445,1285,865,462,587,28,8151,1,-,-,-,-,1,8052,4,9,55,192,292,571,842,1359,1341,1416,1021,462,488,98,8324,3,-,-,1,2,-,8228,4,1,85,182,310,659,828,1317,1396,1368,1011,529,538,93,5690,1,-,-,-,1,-,5660,3,4,45,150,206,393,604,838,898,886,784,452,397,29,5625,-,-,-,-,-,-,5604,4,2,58,120,214,330,524,743,898,943,813,478,477,21
浅加裹了,家拌,41694,839,1,106,102,168,214,248,40833,366,270,2612,3576,4533,4020,4952,5788,6517,4620,2128,943,508,22,41083,953,1,89,147,215,224,277,40103,385,310,2771,3447,4061,3441,4193,5434,6719,5076,2467,1134,665,27,45149,1434,-,167,246,304,307,410,43690,472,448,4080,5123,5806,4583,4336,4711,5532,4704,2285,1009,601,25,35781,1486,4,154,268,344,372,344,34281,357,355,2828,3425,3773,3330,3083,3775,4432,4686,2424,1114,699,14,32183,1590,214,291,320,378,387,30578,380,297,2638,3106,2966,2962,2521,3143,3884,4301,2494,1152,734,15,33779,1644,235,279,327,370,433,32093,389,335,2899,3409,2990,3256,2642,3074,3557,4199,2950,1432,961,42,34671,2253,334,413,516,501,489,32397,591,469,3501,3887,2910,3208,2532,2823,3299,3983,2873,1401,920,21,29030,2666,442,491,534,637,562,26348,489,449,3303,3491,2476,2270,1926,2099,2521,2969,2332,1174,849,16,30991,3872,539,771,880,847,835,27114,725,603,4409,4184,2695,2234,2016,1793,1987,2279,2219,1192,778,5
浅加裹了,己浅加裹了,13945,801,1,106,102,166,202,224,13129,307,207,1828,2097,2308,1783,1642,1180,885,514,221,104,53,15,11917,892,1,88,144,208,210,241,10999,294,229,1793,1876,1960,1397,1127,866,638,415,216,111,77,26,11207,1258,-,166,238,280,268,306,9941,301,259,1743,1688,1620,1160,978,727,639,434,174,127,91,8,12046,1401,4,153,263,334,345,302,10632,302,279,1790,1794,1714,1230,980,848,635,507,263,143,147,13,12713,1521,214,288,309,357,353,11181,331,249,1983,2059,1635,1379,934,876,620,534,293,131,157,11,12473,1572,234,274,319,357,388,10871,316,254,1908,1937,1470,1353,1000,890,582,485,322,162,192,30,13546,2162,330,410,500,480,442,11370,459,357,2241,2179,1416,1271,899,781,588,518,296,172,193,14,14549,2603,435,483,525,619,541,11935,441,373,2574,2370,1584,1193,842,746,639,450,306,180,237,11,19351,3798,532,764,863,822,817,15550,697,556,3918,3406,2006,1310,1034,782,600,448,355,193,245,3
浅加裹了,档冠裹了,27749,38,-,-,-,2,12,24,27704,59,63,784,1479,2225,2237,3310,4608,5632,4106,1907,839,455,7,29166,61,-,1,3,7,14,36,29104,91,81,978,1571,2101,2044,3066,4568,6081,4661,2251,1023,588,1,33942,176,-,1,8,24,39,104,33749,171,189,2337,3435,4186,3423,3358,3984,4893,4270,2111,882,510,17,23735,85,-,1,5,10,27,42,23649,55,76,1038,1631,2059,2100,2103,2927,3797,4179,2161,971,552,1,19470,69,-,3,11,21,34,19397,49,48,655,1047,1331,1583,1587,2267,3264,3767,2201,1021,577,4,21306,72,1,5,8,13,45,21222,73,81,991,1472,1520,1903,1642,2184,2975,3714,2628,1270,769,12,21125,91,4,3,16,21,47,21027,132,112,1260,1708,1494,1937,1633,2042,2711,3465,2577,1229,727,7,14481,63,7,8,9,18,21,14413,48,76,729,1121,892,1077,1084,1353,1882,2519,2026,994,612,5,11640,74,7,7,17,25,18,11564,28,47,491,778,689,924,982,1011,1387,1831,1864,999,533,2
漂喊版力裹了,家拌,87648,978,7,87,103,144,225,412,86483,851,742,5238,6614,9449,9724,12628,13035,12866,8029,3806,1967,1534,187,90356,1686,2,50,164,303,362,805,88428,1450,1243,6884,7525,9536,9600,11910,12519,12253,8351,3779,1836,1542,242,77669,839,3,27,84,160,218,347,76551,845,808,4967,5563,7649,8253,10210,11274,11137,8248,4099,1941,1557,279,72452,642,5,29,67,128,131,282,71682,729,802,4757,5418,7057,7728,8951,10452,10018,8269,4272,1910,1319,128,75348,588,35,66,73,166,248,74524,619,669,4504,5402,6510,8510,9193,11371,10360,9110,4741,1942,1593,236,79175,730,25,68,111,171,355,78118,718,664,4414,5718,6339,8937,9344,11516,10748,9876,5674,2394,1776,327,67904,555,56,44,94,138,223,66976,508,587,3756,4999,5290,7079,7525,9453,9483,8529,5599,2372,1796,373,46846,388,61,59,64,72,132,46316,300,390,2688,3479,3678,4831,4955,6035,6388,5829,4142,2053,1548,142,50673,371,69,64,63,80,95,50177,302,423,2817,4120,3949,5283,5729,6440,6749,6130,4482,2088,1665,125
付距裹了,家拌,5264,46,-,2,4,9,19,12,5216,29,36,305,470,664,781,937,758,554,239,130,118,195,2,6913,61,-,2,1,7,22,29,6850,30,39,382,531,775,937,1202,933,747,430,255,178,411,2,8443,43,-,1,3,10,13,16,8399,33,48,499,735,918,1199,1322,1198,854,516,292,236,549,1,8512,38,-,-,3,5,13,17,8474,30,50,568,827,941,1212,1089,1149,880,547,302,289,590,-,7677,56,1,3,6,19,27,7616,49,65,511,764,800,921,967,1015,790,541,362,257,574,5,9875,71,3,3,6,17,42,9799,91,119,936,1304,1227,1192,987,1136,888,629,371,258,661,5,11630,132,2,7,24,33,66,11496,108,129,1311,1700,1420,1294,1124,1124,824,675,482,347,958,2,10173,180,5,4,22,61,88,9992,125,179,1439,1800,1258,1085,859,833,691,500,351,246,626,1,11948,199,24,26,35,42,72,11746,91,190,1710,2208,1473,1270,920,765,681,616,463,382,977,3
焊扒裹了,家拌,22085,26,-,1,1,2,3,19,22055,44,49,558,1153,1922,2278,3150,3533,3851,2675,1431,756,655,4,20721,31,-,1,1,2,5,22,20673,30,40,510,965,1904,2161,2961,3455,3476,2645,1298,660,568,17,21649,33,1,1,-,1,9,21,21575,30,48,584,1156,1995,2348,2921,3283,3597,2739,1498,733,643,41,19130,34,-,-,1,5,12,16,19085,42,55,569,1220,1786,2247,2474,2894,2796,2445,1368,623,566,11,16965,18,-,2,4,3,9,16917,39,54,511,1161,1629,1982,2043,2422,2528,2190,1316,554,488,30,18024,25,-,4,2,4,15,17968,32,55,680,1391,1850,2159,2096,2413,2354,2308,1413,690,527,31,21810,54,5,7,10,9,23,21687,86,99,974,1823,2221,2571,2247,2815,2780,2721,1830,858,662,69,38943,239,8,16,38,66,111,38641,262,321,3311,4759,4294,5178,4595,4323,4063,3455,2285,1056,739,63,56720,348,17,23,30,49,229,56345,498,655,6172,8177,6604,6979,6476,5937,5316,4536,3017,1244,734,27
券版裹了,家拌,3136,4,-,-,1,-,-,3,3126,3,6,20,56,119,254,448,614,694,438,280,116,78,6,3176,5,-,2,-,-,-,3,3167,6,6,28,66,115,241,373,554,682,537,325,148,86,4,3802,14,-,3,3,1,2,5,3776,7,5,38,66,172,241,475,696,767,667,350,170,122,12,4378,5,-,1,2,-,1,1,4372,4,6,43,76,193,367,488,724,867,832,449,207,116,1,4066,2,-,-,-,1,1,4057,-,3,47,63,142,313,423,746,769,794,424,219,114,7,5088,5,2,-,2,-,1,5070,7,8,77,110,184,436,579,768,971,928,570,275,157,13,4329,1,-,-,-,1,-,4317,-,-,13,61,151,326,388,652,899,839,557,265,166,11,3853,2,-,-,-,-,2,3842,3,-,11,50,122,219,356,557,713,783,584,270,174,9,3689,7,-,4,-,-,3,3677,4,1,18,49,124,216,379,514,666,700,567,301,138,5
背烹裹了,家拌,533126,9247,6,521,1236,2299,2397,2788,523635,2880,2268,29784,54755,66173,60695,73518,70818,67943,45106,24785,13651,11259,244,549374,9022,13,421,1179,2059,2415,2935,540135,3583,2675,32346,52935,65364,58749,71184,73477,70258,51396,28350,16018,13800,217,555352,9307,10,368,1192,2410,2491,2836,545644,3350,2919,34086,52999,63277,60021,68606,72951,69140,54088,31302,17795,15110,401,484552,9338,23,422,1237,2383,2566,2707,475077,2932,2685,31804,47132,52398,52245,55606,61190,57078,50470,30716,16672,14149,137,413147,7391,350,908,1746,2063,2324,405659,2555,2206,26444,39560,40672,44044,43646,51038,48049,45990,30081,16735,14639,97,383717,7081,468,895,1597,1837,2284,376521,2785,2355,24290,37143,34613,39666,37243,44877,43187,44157,31654,17717,16834,115,356446,7779,546,1048,1845,1915,2425,348544,2757,2602,23389,34293,29992,35030,33044,40028,41499,41030,31199,17210,16471,123,311232,6684,482,1011,1563,1684,1944,304493,2370,2365,21240,30143,26045,29968,29488,34056,35771,34754,28002,15868,14423,55,240216,6611,695,1127,1632,1548,1609,233527,1708,1663,16064,25281,21506,23795,24739,25728,27436,24354,20203,11244,9806,78
畴悼裹了,家拌,2131,1,-,-,-,-,-,1,2123,2,3,49,139,255,316,374,366,319,185,87,19,9,7,2395,12,-,2,1,7,2,-,2381,2,3,32,104,308,304,388,376,394,266,146,40,18,2,5860,6,-,-,1,-,-,5,5851,3,18,124,297,656,748,873,832,938,791,427,124,20,3,4964,3,-,-,-,2,1,-,4959,1,2,117,252,532,602,712,760,764,674,409,123,11,2,2073,5,-,-,-,1,4,2065,2,2,40,110,205,276,249,361,318,287,161,36,18,3,865,1,-,1,-,-,-,857,1,1,24,47,78,100,129,131,130,126,53,23,14,7,613,-,-,-,-,-,-,608,-,2,8,42,52,85,75,82,105,82,45,25,5,5,670,2,-,-,1,-,1,668,2,-,15,71,62,75,69,100,96,88,48,27,15,-,617,3,-,-,-,1,2,614,5,4,30,53,65,55,84,76,69,89,49,28,7,-
救焊裹了,家拌,90,1,-,-,-,-,-,1,88,-,-,4,6,7,7,18,22,10,6,3,2,3,1,174,1,-,-,-,-,1,-,173,-,-,31,43,13,20,19,15,15,7,4,3,3,-,151,-,-,-,-,-,-,-,145,-,-,21,12,19,8,14,15,20,20,12,4,-,6,251,7,-,-,-,3,-,4,241,-,2,23,52,39,30,19,17,14,21,11,4,9,3,187,2,-,-,-,-,2,175,8,3,41,37,16,14,9,13,13,6,3,1,11,10,545,-,-,-,-,-,-,541,7,15,188,130,60,55,19,24,11,22,5,1,4,4,678,7,-,-,1,4,2,666,7,15,173,193,93,80,41,25,12,11,12,2,2,5,739,-,-,-,-,-,-,727,1,6,106,179,144,93,59,36,32,36,20,6,9,12,682,-,-,-,-,-,-,680,4,2,76,172,132,108,81,39,28,15,10,8,5,2
急芭裹了,家拌,2800,6,-,-,-,3,-,3,2779,10,3,43,48,85,153,293,460,617,524,314,159,70,15,1121,1,-,-,1,-,-,-,1119,-,-,1,5,5,15,42,90,241,315,222,90,93,1,1525,1,-,-,-,-,1,-,1498,6,4,36,46,45,68,164,270,317,295,149,58,40,26,787,10,-,-,-,1,1,8,749,11,4,29,36,36,40,81,84,103,139,78,53,55,28,3280,12,-,1,5,2,4,3257,3,5,51,65,95,167,255,480,641,730,448,211,106,11,1180,-,-,-,-,-,-,1178,-,-,1,1,11,15,29,81,170,318,310,146,96,2,1545,23,-,1,-,4,18,1507,18,9,67,43,37,63,88,198,273,321,217,110,63,15,312,2,1,-,1,-,-,303,4,7,3,8,7,10,25,41,56,57,46,19,20,7,3767,47,16,11,3,6,11,3684,15,8,69,109,93,157,234,402,624,743,699,339,192,36
捍开裹了,家拌,18523,-,-,-,-,-,-,-,18523,185,442,5681,9544,2309,176,33,51,62,29,6,5,-,-,18241,1,-,-,-,-,-,1,18240,180,403,5675,9156,2445,237,28,29,47,34,4,1,1,-,15659,2,-,-,-,-,-,2,15657,146,373,5366,7461,1901,229,26,45,74,25,7,4,-,-,14574,1,-,-,-,-,-,1,14570,121,371,5672,6639,1326,228,28,55,69,46,14,1,-,3,13254,-,-,-,-,-,-,13251,87,218,4997,6280,1172,261,27,50,91,52,12,3,1,3,11809,-,-,-,-,-,-,11809,89,96,4251,5922,995,240,27,46,72,44,23,3,1,-,3164,-,-,-,-,-,-,3163,50,76,1052,1554,293,90,17,6,9,9,6,-,1,1,1395,-,-,-,-,-,-,1393,44,66,600,494,108,53,6,6,6,6,3,-,1,2,3909,-,-,-,-,-,-,3907,38,77,1641,1649,343,91,25,12,16,10,5,-,-,2
扁鸥裹了,家拌,230854,7039,15,512,884,1509,1997,2122,223445,2323,1949,12365,16305,22905,24006,31037,32679,33900,22651,11449,6188,5688,370,241747,7531,21,437,970,1663,2073,2367,233760,2772,2325,14203,16409,23314,24132,31320,34493,34214,24605,12620,6935,6418,456,310870,7723,31,448,946,1672,2093,2533,302329,3209,3156,20752,24109,32567,33159,38859,42287,40993,31335,16258,8340,7305,818,272830,7273,28,412,791,1611,2094,2337,265157,2773,2784,17458,18853,24236,28094,32059,37006,36471,31832,17551,8632,7408,400,247023,6562,509,813,1201,1881,2158,239666,2349,2349,15395,16854,19678,25295,27513,33222,32382,29869,17852,8859,8049,795,256000,6591,592,809,1281,1783,2126,248394,2550,2390,15554,17864,18748,25841,27140,34211,33058,32245,20261,9552,8980,1015,244539,6962,650,1070,1484,1863,1895,236083,2473,2535,15549,18121,17560,24429,25128,30786,31246,29518,20058,9651,9029,1494,221198,6145,634,820,1371,1671,1649,214567,2021,2267,14730,17663,16412,21657,23803,27473,27350,25072,18387,9471,8261,486,233413,7020,814,1029,1492,1837,1848,225830,2090,2172,15370,19915,18371,22599,25740,27017,28390,24994,20121,10468,8583,563
